nama_rumah_sakit,jenis_rumah_sakit,alamat_lokasi_rumah_sakit,kelurahan,kecamatan,kota_administrasi,kode_pos,no_telepon,no_faximile,alamat_website,alamat_email,nama_direktur/kepala_rs,jml_tempat_tidur_per_kelas_vvip,jml_tempat_tidur_per_kelas_vip,jml_tempat_tidur_per_kelas_eksekutif/utama,jml_tempat_tidur_per_kelas_kelas_i,jml_tempat_tidur_per_kelas_kelas_ii,jml_tempat_tidur_per_kelas_kelas_iii,jml_tempat_tidur_per_kelas_perinatal,jml_tempat_tidur_per_kelas_icu,jml_tempat_tidur_per_kelas_picu,jml_tempat_tidur_per_kelas_nicu,jml_tempat_tidur_per_kelas_hcu,jml_tempat_tidur_per_kelas_iccu,jml_tempat_tidur_per_kelas_igd,jml_tempat_tidur_per_kelas_isolasi,jml_tempat_tidur_per_kelas_1_day_care,jml_tempat_tidur_per_kelas_r.operasi,jml_tempat_tidur_per_kelas_k.bersalin,jml_tempat_tidur_per_kelas_hemodialisa,jml_tempat_tidur_per_kelas_r.anak,jml_tempat_tidur_per_kelas_non_kelas,jml_tempat_tidur_per_kelas_lain2
Tarakan,Rumah Sakit Umum Daerah,Jl. Kyai Caringin No. 7,Cideng,Gambir,Jakarta Pusat,10150,"3503150, 3503003, 3508993","3503412, 3863309",www.rstarakanjakarta.com,rsd_tarakan@yahoo.com,"dr.Togi Asman Sinaga, M.Kes",0,10,0,22,90,289,24,8,7,7,0,0,42,0,0,,,14,8,0,26
DR. Mintohardjo,Rumah Sakit Umum TNI - Angkatan Laut,Jl. Bendungan Hilir No. 17,Bendungan Hilir,Tanah Abang,Jakarta Pusat,10210,5703081 - 85,5711997,www.rsaldrmintohardjo.com,rsalmintohardjo@ymail.com,"dr. Wiweka., MARS",6,9,0,53,88,43,0,6,0,0,0,5,10,16,0,0,0,0,0,0,0
Sahid Sahirman,Rumah Sakit Umum,Jl. Jenderal Sudirman Kavling 86,Karet Tengsin,Tanah Abang,Jakarta Pusat,10220,"5704591, 5703231","5705505, 5727213",www.ssmh.co.id,information@ssmh.co.id,"drg. Yusrahma Nurina., MARS",3,12,0,4,8,0,0,2,0,0,2,2,5,0,0,0,0,4,0,0,0
PGI Cikini,Rumah Sakit Umum,Jl. Raden Saleh No. 40,Cikini,Menteng,Jakarta Pusat,10330,38997777,"31924663, 31908391",www.rscikini.com,"tedjowa@yahoo.com, mail@rscikini.com","dr. Marihot Tambunan, SpPD-KGH",42,21,0,50,112,62,0,0,4,0,4,0,8,12,0,7,2,24,34,0,10
Menteng Mitra Afia,Rumah Sakit Umum,Jl. Kali Pasir No. 9,Kebon Sirih,Menteng,Jakarta Pusat,10340,3154050,3146309,www.rsmentengmitraafia.com,"panela_ramadita@yahoo.com, rsmentengmitraafia@gmail.com, rekammedis.mma@gmail.com","dr. Fera Apriyanti., MARS",0,6,0,10,10,60,0,2,0,0,3,0,5,3,0,,,5,,6,
Abdi Waluyo,Rumah Sakit Umum,Jl. HOS Cokroaminoto No. 31-33,Gondangdia,Menteng,Jakarta Pusat,10350,3144989,31930866,,dr.migot@yahoo.co.id,"dr. Sutrisno Tono Subagio, Sp.PD, Sp.JP",3,4,4,22,11,22,1,0,1,4,0,4,0,1,9,,,3,,0,
Bunda Jakarta,Rumah Sakit Umum,Jl. Teuku Cik Ditiro No. 21,Gondangdia,Menteng,Jakarta Pusat,10350,"3909692, 31923939",3101077,www.bunda.co.id,"bundahospital@bunda.co.id, info.rsubj@bunda.co.id",dr. Didid Winnetouw,8,12,0,2,4,10,20,3,0,0,7,2,6,2,0,,,0,,0,
YPK Mandiri,Rumah Sakit Umum,Jl. Gereja Theresia No. 22,Gondangdia,Menteng,Jakarta Pusat,10350,3909725,3909806,www.rsiaypkmandiri.com,marketing@rsiaypkmandiri.com,"Prof. dr. Endy M. Moegni, SpOG (K)",6,16,8,2,4,9,0,0,0,0,0,0,3,0,0,,,0,,0,
Gatot Soebroto,Rumah Sakit Umum Pusat Angkatan Darat,Jl. Dr. Abdul Rachman Saleh 24,Senen,Senen,Jakarta Pusat,10410,3441008,3440693,,rspadgatsu@pdpersi.co.id,"dr. Terawan Agus Putranto, Sp.Rad (K) RI",45,83,0,123,83,232,18,32,4,4,41,4,22,4,0,13,6,0,,0,9
Dr. Cipto Mangunkusumo,Rumah Sakit Umum Pusat Nasional,Jl. Diponegoro No. 71,Kenari,Senen,Jakarta Pusat,10430,3918301,3148991,www.rscm.co.id,"perencanaan.rscm@gmail.com, perbendaharaan.rscm@yahoo.com, dir_rscm@yahoo.com","dr. Czeresna Heriawan Soejono, SpPD-Kger,M",18,19,61,93,55,552,60,29,12,10,23,10,29,16,0,37,3,32,0,0,10
Kramat 128,Rumah Sakit Umum,Jl. Kramat Raya No. 128 RT.001 / RW.08,Kenari,Senen,Jakarta Pusat,10430,"3909513, 3909514",3909125,www.rskramat128.com,"dyah.agustina.w@gmail.com, info@rskramat128.com","dr. Harijadi Sp.A,MARS.",4,5,6,7,27,18,0,3,0,0,0,0,8,2,0,,,3,,0,
PK. St. Carolus ,Rumah Sakit Umum,Jl. Salemba Raya No. 41,Paseban,Senen,Jakarta Pusat,10440,3904441,3103226,www.rscarolus.or.id,"markus_wasesa@yahoo.com, humas@rscarolus.or.id","dr. JB. Endrotomo Sumargono, Sp.OT",11,48,0,22,122,104,0,16,0,0,0,0,0,22,0,,,0,,0,
Moh. Husni Thamrin Salemba,Rumah Sakit Umum,Jl. Salemba Tengah 26 - 28,Paseban,Senen,Jakarta Pusat,10440,"3904422 Ext.1900, 1919","3107816, 2305182",www.thamrinhospital.com,info@thamrinhospital.com,"dr. dr. H. Kemal Muhamad., MMR., M.Kes, AIFO",6,20,6,51,30,33,4,8,5,6,0,5,6,0,0,0,0,0,0,0,9
Islam Jakarta Cempaka Putih,Rumah Sakit Umum,Jl. Cempaka Putih Tengah I / 1,Cempaka Putih Timur,Cempaka Putih,Jakarta Pusat,10510,"42801567, 4250451",4206681,www.rsi.co.id,"rsijpusat@rsi.co.id, rsij@cbn.net.id","dr. Prastowo Sidi Pramono, Sp.A",9,48,64,44,34,71,8,7,2,2,7,4,11,3,13,7,4,22,,0,
Pertamina Jaya,Rumah Sakit Umum,"Jl. Achmad Yani No. 2, By Pass",Cempaka Putih Timur,Cempaka Putih,Jakarta Pusat,10510,4211911,4211913,www.rspj.co.id,pertamedika.rspj@gmail.com,"dr. Duta Liana, MARS",2,14,4,12,10,19,1,4,0,0,0,0,9,2,0,3,1,16,3,0,0
Evasari,Rumah Sakit Umum,Jl. Rawamangun No. 47,Rawasari,Cempaka Putih,Jakarta Pusat,10570,4202851 - 4,4209725,www.evasari-jakarta.awalbros.com,"info@rsia_evasari@yahoo.com, mkt.jkt@awalbros.com",dr. Ferry Aryo Pangarso,8,3,8,10,4,13,5,2,3,4,2,0,6,1,0,2,2,6,10,0,
Hermina Kemayoran,Rumah Sakit Umum,Jl. Selangit Blok B-10 Kav. No.4,Gunung Sahari Selatan,Kemayoran,Jakarta Pusat,10610,22602525,22602888,"www.hweminahospitalgroup.com, mr.kmy16@gmail.com","podomoro@rsiahermina.com, mr.kmy16@gmail.com","dr. Lies Nugrohowati, MARS",5,15,3,17,16,38,8,1,2,3,0,0,9,2,0,5,8,10,20,23,0
Mitra Kemayoran,Rumah Sakit Umum,Jl. Landas Pacu Timur,Kebon Kosong,Kemayoran,Jakarta Pusat,10630,6545555,6545959,www.mitrakemayoran.com,kemayoran@mitrakeluarga.com,"dr. Margaretha Susi Widiastuti, MPH",4,37,0,36,34,31,4,7,0,3,6,0,7,4,4,,,4,,0,
Husada ,Rumah Sakit Umum,Jl. Raya Mangga Besar Raya 137 - 139,Mangga Dua Selatan,Sawah Besar,Jakarta Pusat,10730,"6260208, 6490090",6497494,www.husada.co.id,"husada@husada.co.id, sisca.ramdhanie@gmail.com","dr. Erniody, Sp.An, KIC, M.Kes",3,27,91,53,88,103,11,8,3,3,0,9,15,5,4,8,5,16,56,0,6
Budi Kemuliaan ,Rumah Sakit Khusus Ibu dan Anak,Jl. Budi Kemuliaan No. 25,Gambir,Gambir,Jakarta Pusat,10110,3842828,3501012,www.rsbbudikemiaan.com,rsbbudi@indo.net.id,"dr. Mohammad Baharuddin, SpOG.MARS.",3,15,4,26,12,24,89,0,0,6,3,0,15,2,0,2,17,0,25,0,0
Prof  Nizar ,Rumah Sakit Khusus Telinga Hidung Tenggorokan,Jl. Kesehatan Raya No. 9,Petojo Selatan,Gambir,Jakarta Pusat,10160,"3843598, 3503435",34834982,,rsprofnizar@yahoo.co.id,dr. Arini Rinaldi,0,0,1,1,4,3,0,0,0,0,1,0,3,0,0,1,,0,,0,0
Ladokgi TNI-AL R.E. Martadinata,Rumah Sakit Khusus Gigi & Mulut,Jl. Farmasi No. 1,Bendungan Hilir,Tanah Abang,Jakarta Pusat,10210,5733026,5732701,,pro.jakarta@inhealth.co.id,drg. Iria Rizal,0,0,0,0,0,0,0,0,0,0,0,0,0,0,0,,,0,,5,
Bina Estetika,Rumah Sakit Khusus Bedah,Jl. Teuku Cik Ditiro No. 41,Menteng,Menteng,Jakarta Pusat,10310,3909393,3155258,,"binaes@rad.net.id, rsbe-binaestetika@yahoo.com","drg. Desak Gede Christina Diah Asita Kencana Dewi, MARS",0,3,0,12,0,6,0,0,0,0,2,0,2,0,0,,,0,,0,
Jakarta Eye Center Menteng,Rumah Sakit Khusus Mata,Jl. Teuku Cik Ditiro No. 46,Menteng,Menteng,Jakarta Pusat,10310,"335600, 3107434",3904601,www.jakarta-eye-center.com,jec@jec.co.id,"dr. Johan A. Hutauruk, Sp.M",2,1,0,4,6,5,0,0,0,0,0,0,0,0,0,,,0,,0,
Proklamasi,Rumah Sakit Khusus Telinga Hidung Tenggorokan,Jl. Proklamasi No. 43,Pegangsaan,Menteng,Jakarta Pusat,10320,3900002,3900947,www.rs-proklamasi.co.id,admin@rs-proklamasi.co.id,"dr.Hably Warganegara, Sp THT-KL",1,5,0,8,6,8,0,0,0,0,1,0,1,0,0,4,,0,,0,
Tambak,Rumah Sakit Khusus Ibu dan Anak,Jl. Tambak No. 18,Pegangsaan,Menteng,Jakarta Pusat,10320,2303444,3902550,www.rsiatambak.com,we_care@rsiatambak.com,"dr. Amir Fauzi, MARS",1,3,4,6,4,11,25,0,0,2,0,0,4,1,0,,,0,,0,
Bunda Jakarta,Rumah Sakit Khusus Ibu dan Anak,Jl. Teuku Cik Ditiro No. 28,Gondangdia,Menteng,Jakarta Pusat,10350,3909692,3101077,www.bunda.co.id,"bundahospital@bunda.co.id, rsbunda@mweb.co.id, galuh.dian@gmail.com","dr. Susi Ramadhani,MARS",4,20,0,4,12,4,29,0,2,16,0,0,3,7,6,3,3,0,20,0,45
FKG Universitas Indonesia,Rumah Sakit Khusus Gigi & Mulut,Jl. Salemba Raya No.4,Kenari,Senen,Jakarta Pusat,10430,213916858,,,rsgm_fkgui@yahoo.com,"drg. Fadli Djazali., Sp.Ort",0,0,0,0,0,0,0,0,0,0,0,0,1,0,3,,,0,,0,7
Salemba Satu Medika,Rumah Sakit Khusus Bedah,Jl. Salemba I No. 11 - 13,Paseban,Senen,Jakarta Pusat,10430,3913336,3926687,www.ssmedika.co.id,info@ssmedika.co.id,"dr. Mevin Handoyo, MKK",2,2,0,4,4,10,0,0,0,0,1,0,1,0,0,,,0,,0,
Yarsi,Rumah Sakit Khusus Gigi & Mulut,Jl. Letjen Suprapto Kav. 13,Cempaka Putih Timur,Cempaka Putih,Jakarta Pusat,10510,,,,,"drg. Liana Zulfa., Sp.Perio., MARS",,,,,,,,,,,,,,,,,,0,,,
Islam Jakarta Sukapura,Rumah Sakit Umum,Jl. Tipar - Cakung No. 5,Sukapura,Cilincing,Jakarta Utara,14140,"4400778, 4400779, 4400781","4400782, 44832228",www.rsijsukapura@.co.id,rsijsukapura@gmail.com,"Dr. Rachmat Mulyana Memet, Sp.Rad",0,3,4,12,36,82,7,2,0,0,3,0,0,6,0,0,0,0,,0,
Pekerja,Rumah Sakit Umum,"Jl. Raya Cakung Cilincing, RT.002/RW.003",Sukapura,Cilincing,Jakarta Utara,14140,29484848,29482875,www.kbn.co.id,rsu.pekerja@gmail.com,"dr. Empat Patonah., M.Kes",0,11,0,21,70,18,3,6,0,0,3,0,6,5,0,0,0,0,0,3,
Firdaus,Rumah Sakit Umum,Jl. Siak J 5 No. 14 - Komplek Bea Cukai,Sukapura,Cilincing,Jakarta Utara,14140,4407322,4400063,,tiar63@yahoo.co.id,"dr. Rianayanti Asmira Rasam, MARS",0,0,0,37,22,37,0,0,0,0,3,0,6,1,0,2,10,0,9,0,0
Koja,Rumah Sakit Umum Daerah,Jl. Deli No. 4 Tanjung Priok,Koja,Koja,Jakarta Utara,14220,43938478,"4352401, 4372273",www.rsudkoja.com,"RSUDKOJA@ymail.com, rsudkoja@yahoo.com, dinalaela.dns@gmail.com","Dr. Theryoto, Sp.Ok, M.Kes",1,14,0,32,64,484,50,24,20,20,12,15,22,28,0,10,34,44,111,0,0
Mitra Keluarga Kelapa Gading,Rumah Sakit Umum,Jl. Bukit Gading Raya Kav. II,Kelapa Gading Barat,Kelapa Gading,Jakarta Utara,14240,45852700,45852727,www.mitrakeluarga.com,kelapagading@mitrakeluarga.com,dr. Julia Sutandar,2,30,0,14,25,30,2,4,2,2,7,5,10,7,0,4,2,7,0,0,0
Gading Pluit,Rumah Sakit Umum,Jl. Boulevard Timur Raya RT. 006 / RW. 02,Pegangsaan Dua,Kelapa Gading,Jakarta Utara,14250,"4521001, 4520201",4520578,,gadingpluit@gadingpluit-hospital.com,"Dr.Barlian Sutedja, SpB.",10,29,2,33,28,22,0,4,1,1,10,0,9,2,7,4,5,6,12,0,0
Pelabuhan Jakarta,Rumah Sakit Umum,"Jl. Kramat Jaya, Tanjung Priok",Tugu Utara,Koja,Jakarta Utara,14260,4403026,"4403551, 4406886",www.rspelabuhan.com,marketing.rspj@gmail.com,"Dr. M. Syaiful Huda Effendi, MM",5,5,0,18,46,55,8,7,0,0,0,0,0,0,0,0,,0,,0,
Mulyasari,Rumah Sakit Umum,Jl. Raya Plumpang Semper No. 19,Tugu Utara,Koja,Jakarta Utara,14260,"4390666, 4393111, 4393888",43935676,www.rsmulyasari.com,info@rsmulyasari.com,"Dr. dr. Achmad Hidayat, Sp.B, MARS",3,3,0,12,32,34,2,6,0,2,0,0,7,5,0,2,8,8,,0,
Port Medical Center,Rumah Sakit Umum,Jl. Enggano No. 10,Tanjung Priok,Tanjung Priok,Jakarta Utara,14310,43902350,43902302,,"tienastari_jpkm@yahoo.com, rekamedis_pmc@yahoo.com","dr. Dedy Nugroho, MARS",0,6,0,5,18,11,3,2,0,0,0,0,4,2,0,2,1,0,0,0,0
Sukmul Sisma Medika,Rumah Sakit Umum,Jl. Tawes No. 18-20,Tanjung Priok,Tanjung Priok,Jakarta Utara,14310,4301269,4301272,,"sriha36@gmail.com, sukmul@indosat.net.id",dr. Erwin Tyrana,3,14,11,16,41,0,0,0,0,0,0,0,2,2,0,,,0,,0,
Puri Medika,Rumah Sakit Umum,Jl. Sungai Bambu Raya No. 5,Sungai Bambu,Tanjung Priok,Jakarta Utara,14330,"43903355, 43901273",43903388,www.purimdika.com,"marketing.purimedika@gmail.com, purmed-medcen@centrin.net.id","dr. Margie Anakotta Hallatu, MARS",3,4,4,13,15,35,4,6,0,1,3,3,8,3,1,3,1,4,0,0,18
Satya Negara,Rumah Sakit Umum,Jl. Agung Utara Raya Blok A No. 1,Sunter Agung,Tanjung Priok,Jakarta Utara,14350,"65836583, 64715200, 64715900","687813, 64717813",www.rssatyanegara.com,"hrd@rssatyanegara.com, inforssn@rssatyanegara.com",dr. Santoso Kurniawan,4,18,7,18,15,17,2,6,0,0,0,0,9,3,0,3,8,3,12,0,0
Royal Progress,Rumah Sakit Umum,Jl. Danau Sunter Utara Blok F 25 No. 12,Sunter Agung,Tanjung Priok,Jakarta Utara,14350,"6459877, 6400261",6400778,www.royalprogress.com,"setdir.rssn@gmail.com, ask.us@royalprogress.com, maryati@royalprogress.com","dr. Ivan R. Srtiadarma, MM",15,4,0,52,30,41,4,2,0,1,2,0,8,5,0,4,4,19,12,0,3
Atma Jaya,Rumah Sakit Umum,Jl. Pluit Raya No. 2,Pejagalan,Penjaringan,Jakarta Utara,14440,"6606121, 6606127",6606122,,rsatmajaya@pdpersi.co.id,"Dr. Albertus M. Lisliyantotot, HM,MMR",0,5,0,2,10,86,3,3,1,3,0,0,10,6,0,,,4,,0,52
Pluit,Rumah Sakit Umum,Jl. Raya Pluit Selatan No. 2,Penjaringan,Penjaringan,Jakarta Utara,14440,"6685006, 6685070",6684878,www.pluit-hospital.com,pluithospital@pluit-hospital.com,"Dr. Soeprianto Wiradjaja, Sp.B",12,46,2,30,12,40,20,9,3,3,16,0,8,2,2,4,0,6,15,0,
Duta Indah,Rumah Sakit Umum,Jl. Teluk Gong Raya No. 12,Pejagalan,Penjaringan,Jakarta Utara,14450,66676188,666676190,,info@rsdutaindah.com,"dr. Tri Yanto, MM",0,4,2,4,8,10,2,2,0,0,0,0,0,0,0,0,0,0,4,0,0
Pantai Indah Kapuk,Rumah Sakit Umum,Jl. Pantai Indah Utara 3 Sektor Utara Timur Blok T,Kapuk Muara,Penjaringan,Jakarta Utara,14460,5880911,5880910,www.pikhospital.co.id,pr@pikhospital.co.id,"Dr. Thomas Peter Budisusetija, MARS",5,47,3,16,45,24,10,8,0,2,0,0,8,1,0,,0,22,0,0,0
Santo Yusuf,Rumah Sakit Khusus Ibu dan Anak,Jl. Ganggeng Raya No.9,Sungai Bambu,Tanjung Priok,Jakarta Utara,14330,43931880,4361330,www.rsiastyusuf.com,rsiastyusuf@gmail.com,"dr.Josephine Fina Jusuf,MARS",0,0,0,2,7,9,0,0,0,0,3,0,5,0,0,1,3,0,7,0,0
Prof.Sulianti Saroso,Rumah Sakit Khusus Penyakit Infeksi,Jl. Sunter Permai Raya,Papanggo,Tanjung Priok,Jakarta Utara,14340,6506559 - 67,6401411,www.rspi-suliantisaroso.com,info@rspi-suliantisaroso.co.id,"dr. Rita Rogayah., Sp.P (K)., MARS",0,2,0,24,16,108,5,5,0,0,10,0,10,13,0,2,1,0,1,0,0
Family,Rumah Sakit Khusus Ibu dan Anak,Pluit Mas I Blok A No. 2A - 5A,Pejagalan,Penjaringan,Jakarta Utara,14450,6695639,6615563,www.rsiafamily.com,"sekretariat@rsiafamily.com, info@rsiafamily.com","dr. Sari Dewi Rosady., M.Gizi",1,2,3,20,8,15,30,0,0,4,4,0,0,1,1,3,5,0,17,0,
Grand Family,Rumah Sakit Khusus Ibu dan Anak,Jl. Pantai Indah Selatan I Komp. Elang Laut Boulevard Kav.I No.1,Kamal Muara,Penjaringan,Jakarta Utara,14470,29673755 - 56,,,sekretaris@rsiagrandfamily.com,dr. Susi Anggraeni,1,13,26,2,10,0,2,0,1,4,2,0,3,2,1,3,8,0,9,0,0
Pelni,Rumah Sakit Umum,Jl. Aipda K.S. Tubun No. 92-94,Slipi,Pal Merah,Jakarta Barat,11410,5480608,5483145,www.rspelni.co.id,rspelni@yahoo.com,"Dr. dr. Fathema Djan Rachmat, Sp.B, Sp.BTKV(K), MPH",0,38,21,156,116,129,10,14,0,1,14,0,36,10,16,8,4,100,35,0,0
Bhakti Mulia,Rumah Sakit Umum,Jl. Aipda K. S. Tubun No. 79,Slipi - Petamburan,Pal Merah,Jakarta Barat,11410,"5481625, 5481262",5331544,,rs.bhaktimulia@yahoo.co.id,"Dr. Antonius TS. Prabowo, MARS",1,0,5,10,12,26,20,0,0,0,1,0,5,4,0,3,3,0,10,0,0
Sumber Waras ,Rumah Sakit Umum,Jl. Kyai Tapa No. 1,Tomang,Grogol Petamburan,Jakarta Barat,11440,"5682011, 5663726",5673122,www.rssumberwaras.com,"bambang.heri@gmail.com, sumberwaras@pdpersi.co.id",Dr. Med Jan Djukardi,0,0,0,12,46,70,4,0,0,0,0,0,0,0,0,,,0,,15,
Ibnu Sina,Rumah Sakit Umum,Jl. Nurdin I No. III RT.008 / RW.07,Grogol,Grogol Petamburan,Jakarta Barat,11450,5670139,5670118,www.rsiaibnusina.blogspot.com,"rsia.ibnusina@gmail.com, rsibnusina1980@gmail.com",Drg. Wahyu Prabowo,0,0,0,2,3,8,5,0,0,0,0,0,3,0,0,1,2,0,4,0,0
Royal Taruma,Rumah Sakit Umum,Jl. Daan Mogot No. 34,Tanjung Duren Utara,Grogol Petamburan,Jakarta Barat,11470,"56958338, 56967788",56958589,www.rs-royaltaruma.com,direksi@rs-royaltaruma.com,"dr. Liman Harijono, MARS, MH",4,14,0,31,34,63,3,3,1,1,4,0,9,5,5,4,4,5,16,0,0
Patria IKKT,Rumah Sakit Umum,"Jl. Cendrawasih No. 1 Komp.Dep.Han, Mabes TNI Slipi",Kemanggisan,Pal Merah,Jakarta Barat,11480,"5308981, 5308984",5346387,,patria_ikkt@yahoo.co.id,"Dr. Noch Tiranduk Mallisa, M.Kes",0,4,0,6,18,37,13,0,0,0,2,0,5,0,0,2,5,15,6,0,
Bina Sehat Mandiri ,Rumah Sakit Umum,Jl. Duri Raya No. 22,Duri Kepa,Kebon Jeruk,Jakarta Barat,11510,"5658870, 5669411 - 12",5603531,,rsiabsm@yahoo.co.id,dr. Adhika Syahputra Lubis,0,1,0,3,12,7,0,0,0,0,1,0,0,1,0,0,0,0,0,0,0
Puri Mandiri Kedoya,Rumah Sakit Umum,Jl. Kedoya Raya / Al-Kamal No. 2,Kedoya Selatan,Kebon Jeruk,Jakarta Barat,11520,"5802126,  5828299","5816185, 5828499",,custmerservica@rspurimandirikedoya.com,"dr. Chris A. Yohannes, Sp.An.KIC",2,3,0,0,0,0,6,8,2,4,0,0,5,1,0,,,8,,0,
Grha Kedoya,Rumah Sakit Umum,Jl. Panjang Arteri 26,Kedoya Utara,Kebon Jeruk,Jakarta Barat,11520,"56982222, 29910999",56982233,www.grhakedoya.com,info@grhakedoya.com,Dr. Kristianto Budiono,6,89,1,24,12,50,18,6,1,4,3,2,10,2,2,4,10,18,27,0,0
Siloam Kebon Jeruk,Rumah Sakit Umum,Jl. Raya Pejuangan Kavling 8,Kebun Jeruk,Kebon Jeruk,Jakarta Barat,11530,5300887 - 89,5321766,www.siloamhospital.com,info@siloamhospitals.com,"Dr.Agus Tanjung, MHA",6,52,0,39,48,37,12,7,0,8,3,4,9,7,0,,,13,,0,0
Anggrek Mas,Rumah Sakit Umum,Jl. Anggrek No. 2 B RT.009 / RW.02,Kelapa Dua,Kebon Jeruk,Jakarta Barat,11550,"5305720, 53672017, 53672018",53672019,www.rsanggrekmas.com,rsanggrekmas@gmail.com,dr. Fitri Dian Pramesti,0,1,0,6,6,12,24,0,0,0,1,0,3,2,0,,,0,,0,
Medika Permata Hijau,Rumah Sakit Umum,Jl. Raya Kebayoran Lama No. 64,Sukabumi Selatan,Kebon Jeruk,Jakarta Barat,11560,"5347411, 5305288",5305291,www.rsmph.co.id,mph-mkt@rad.net.id,"Dr.Achmad Hardiman, Sp.KJ, MARS",2,14,0,25,16,9,0,3,0,0,1,0,7,1,0,,,2,,0,
Pondok Indah - Puri Indah,Rumah Sakit Umum,Jl. Puri Indah Raya Blok S-2,Kembangan Selatan,Kembangan,Jakarta Barat,11610,"25695222, 25695200",25695202 - 5,www.rspondokindah.co.id,rspi@rspondokindah.co.id,"Dr. Mus Aida, MARS",0,35,2,20,15,15,10,5,0,2,0,0,11,5,0,3,7,5,0,0,0
Cinta Kasih Tzu Chi,Rumah Sakit Umum,Jl. Kamal Raya Outer Ring Road,Cengkareng Timur,Cengkareng,Jakarta Barat,11730,55956850,"55951985, 55963681",,"rskb_tzuchi@yahoo.com, tonikris57@yahoo.co.id","Dr. Tonny Christianto MS, Sp.B.MM",0,0,0,0,0,88,8,2,0,4,3,0,6,1,0,5,3,0,11,0,12
Cengkareng,Rumah Sakit Umum Daerah,"Jl. Kamal Raya, Bumi Cengkareng Indah",Cengkareng Timur,Cengkareng,Jakarta Barat,11730,"5442692, 54372874 - 6","54372884, 54374844, 5442693",www.rsudcengkareng.com,"ssugino@ymail.com, hafifahany@rsudcengkareng.com",Dr. Sugino Kesuma Karo Karo Samura,0,4,6,10,19,192,13,3,2,2,20,1,15,45,0,,,29,,0,
Ciputra Citra Garden,Rumah Sakit Umum,Jl. Boulevard Blok G-01/01 Citra 5 Garden City,Pegadungan,Kalideres,Jakarta Barat,11830,22557888,,,,"dr. G.A.Kusmiati., MARS",0,0,0,0,0,0,0,0,0,0,0,0,0,0,0,0,0,0,0,0,0
Hermina Daan Mogot,Rumah Sakit Umum,"Jl. Kintamani Raya No. 2, Kawasan Daan Mogot Baru",Kalideres,Kalideres,Jakarta Barat,11840,"5408989, 5411109",5449869,www.herminahospitalgroup.com,daanmogot@herminahospitalgroup.com,"Dr. I. Ichsan Hanafi, MARS",2,23,0,31,45,68,9,15,2,3,3,0,16,4,0,5,6,23,33,0,0
Mitra Keluarga Kalideres,Rumah Sakit Umum,Jl. Peta Selatan No. 1 RT.007/RW.011,Semanan,Kalideres,Jakarta Barat,11850,"22523700, 22523701",22523702,,kalideres@mitrakeluarga.com,dr. Fransisca Dewi Permatasari T,0,3,3,6,12,31,2,2,0,2,0,0,10,2,0,2,3,2,0,0,3
Aries,Rumah Sakit Khusus Ibu dan Anak,Jl. Tanah Sereal VII No. 9,Tanah Sereal,Tambora,Jakarta Barat,11210,"6496524, 6497506, 6396393","6497506, 6591410",,rsia_aries@yahoo.com,dr. Debby Dian Suwito,0,1,1,4,4,15,3,0,0,1,1,0,2,0,1,,,0,,0,
Dharmais,Rumah Sakit Khusus Kanker,Jl. Letjen S. Parman Kav. 84-86,Kota Bambu Selatan,Pal Merah,Jakarta Barat,11420,5681570,"5681579, 5681579",www.dharmais.co.id,"elfira_zaenal@yahoo.com, dharmais@dharmais.co.id ","Prof. dr. Abdul Kadir, Ph.D, Sp. THT-KL (K)",2,18,0,130,78,160,0,7,0,0,10,0,9,2,0,0,0,10,0,0,0
Harapan Kita,Rumah Sakit Anak dan Bunda,"Jl. Letjen S. Parman Kav. 87, Slipi",Kota Bambu Utara,Pal Merah,Jakarta Barat,11420,5668284,"5601816, 5601560",www.rsabhk.co.id,"didi.danukusumo@gmail.com, info@rsabharapankita.co.id","dr. Omo Abdul Madjid, Sp.OG",0,20,40,67,70,58,0,10,0,14,0,0,0,0,0,,,0,,48,
Harapan Kita ,Rumah Sakit Khusus Jantung dan Pembuluh Darah,Jl. Letjen S. Parman Kav. 87,Kota Bambu Utara,Pal Merah,Jakarta Barat,11420,"5684085, 5684993","5684130, 5684230",www.pjnhk.go.id,info@pjnhk.go.id,"dr. Lia G. Partakusuma, Sp.PK(K).MM.MARS",4,32,0,44,65,56,0,12,13,0,0,18,14,1,10,,,4,,87,
FKG Universitas Trisakti,Rumah Sakit Khusus Gigi & Mulut,Jl. Kyai Tapa No.,Tomang,Grogol Petamburan,Jakarta Barat,11440,5663232,5644270,,rsgmfkgusakti@gmail.com,"Drg. Martha Juslily, M.M",0,0,0,0,0,2,0,0,0,0,0,0,0,0,0,,,0,,0,
Dr.Soeharto Heerdjan,Rumah Sakit Khusus Jiwa,Jl. Prof. Dr. Latumeten No. 1,Jelambar,Grogol Petamburan,Jakarta Barat,11460,5682841 - 43,"5682842, 5633316",www.rsjsh.com,keliek_marwanto@yahoo.co.id,"dr. Aris Tambing., MARS",0,45,0,40,56,159,0,0,0,0,0,0,0,0,0,,,0,,0,
Jakarta Eye Center Kedoya,Rumah Sakit Khusus Mata,Jl. Terusan Arjuna Utara I No.1,Kedoya Selatan,Kebon Jeruk,Jakarta Barat,11530,29221000,25696060,www.jec.co.id,jec@jec.co.id,"dr. Johan A. Hutauruk, Sp.M(K)",1,4,0,2,6,4,0,0,0,0,0,0,2,1,0,5,0,0,0,0,0
Yasa Husada,Rumah Sakit Khusus Ibu dan Anak,Jl. Duri Kosambi Raya,Duri Kosambi,Cengkareng,Jakarta Barat,11750,54373583,5437 4355,,,,,,,,,,,,,,,,,,,,,0,,,
Pusat Pertamina ,Rumah Sakit Umum,Jl. Kyai Maja No. 43,Gunung,Kebayoran Baru,Jakarta Selatan,12120,"7219202, 7200290","7209811, 7203540",www.rspp.co.id,humasrspp@pertamedika.co.id,"dr. Widya Sarkawi, Sp.S",5,20,0,107,120,74,0,14,3,1,8,0,15,0,0,,,14,,24,
Muhammadiyah Taman Puring,Rumah Sakit Umum,Jl. Gandaria I / 20,Kramat Pela,Kebayoran Baru,Jakarta Selatan,12130,"7208358, 7250243",7234823,www.rsiamtp.com,rsiamtp@rsiamtp.com,"dr. Nahari Arifin, Sp.A",0,6,0,12,18,19,8,1,0,0,2,0,7,1,0,2,6,0,0,0,0
Gandaria,Rumah Sakit Umum,Jl. Gandaria Tengah II No. 6 - 14,Kramat Pela,Kebayoran Baru,Jakarta Selatan,12140,"7250718, 7203311","7248175, 7222038",wahjuda@yahoo.com,rsgandaria@gmail.com,"dr. Gatot Soeseno., MARS",0,10,0,18,15,5,0,0,0,0,0,0,0,0,0,,,0,,9,
Kartini,Rumah Sakit Umum,Jl. Ciledug Raya No. 94 - 96,Cipulir,Kebayoran Lama,Jakarta Selatan,12230,"7245646, 7207828","72792194, 7230703",,"cs@rskartini.co.id, hendra_juniarta@yahoo.com","dr. Enrico A. Rinaldi, MM",0,1,0,5,18,11,0,0,0,0,0,0,0,0,0,,,0,,0,
Yadika Kebayoran Lama,Rumah Sakit Umum,Jl. Ciputat Raya No. 5,Kebayoran Lama Selatan,Kebayoran Lama,Jakarta Selatan,12240,"7291074, 7291077",72895046,,rsyadika@yahoo.com,"dr. Mohammad Saptadji, MARS",0,4,0,8,11,10,10,2,1,1,0,0,6,2,0,0,0,0,0,22,
Petukangan,Rumah Sakit Umum,Jl. Ciledug Raya No. 8 A,Petukangan Selatan,Pesanggrahan,Jakarta Selatan,12270,"7340906, 7353969",73889956,,petukanganmedicalcentre@gmail.com,"dr. Hendrivand., Sp.OG",0,2,0,2,3,8,0,2,0,0,0,0,5,3,0,,,0,,0,
Pondok Indah - Pondok Indah,Rumah Sakit Umum,"Jl. Metro Duta Kav. UE, Pondok Indah",Pondok Pinang,Kebayoran Lama,Jakarta Selatan,12310,"7657525, 7692252",7502324,www.rspondokindah.co.id,rspi@rspondokindah.co.id,"dr. Yuliana., MARS",11,101,4,20,20,20,116,6,0,2,0,6,0,3,0,,,0,,17,
Bhayangkara Sespimma Polri,Rumah Sakit Umum,Jl. Ciputat Raya No. 40,Pondok Pinang,Kebayoran Lama,Jakarta Selatan,12310,"7650384, 7666087, 7692919",7666106,,"rs.sespimma_polri@yahoo.co.id, yenifebrianti66@yahoo.com","dr. Rini Afrianti, MKK",0,1,0,11,9,9,0,0,0,0,2,0,7,2,0,1,3,25,0,0,4
Dr. Suyoto  Pusrehab Kemhan,Rumah Sakit Umum,Jl. R.C. Veteran No. 178,Bintaro,Pesanggrahan,Jakarta Selatan,12330,7342581,"77884000, 73425817",www.suyotohospital.com,"pemasaranrsds@yahoo.com, humas@suyotohospital.com","Dr. Budi Satriyo Utomo, Sp.KFR / dr. Dian Nata E, Sp.RM",4,6,0,14,16,40,13,0,0,0,0,0,10,4,0,6,3,4,28,0,0
Fatmawati ,Rumah Sakit Umum Pusat,Jl. RS. Fatmawati,Cilandak Barat,Cilandak,Jakarta Selatan,12430,"7660552, 7501524","7690123, 7504022",www.fatmawatihospital.com,rsupf@fatmawatihospita.com,"Dr. Andi Wahyuningsih Attas, Sp.An, KIC, MARS",4,21,7,96,81,460,0,12,2,3,0,17,30,41,10,,,20,,0,
Setia Mitra,Rumah Sakit Umum,Jl. RS Fatmawati No. 80 - 82,Cilandak Barat,Cilandak,Jakarta Selatan,12430,7656000,7656875,,"dwilaras_p@yahoo.com,  info@rssetiamitra.co.id","Dr. Mursyida, MARS",2,6,0,11,22,12,5,4,0,0,5,0,0,0,0,,,11,,0,
Siloam TB Simatupang,Rumah Sakit Umum,Jl. RA. Kartini No.8,Cilandak Barat,Cilandak,Jakarta Selatan,12430,29531900,,www.siloamhospital.com,irna.hardiawan@siloamhospitals.com,"dr. Irna S. Hardiawan, MARS",2,28,2,16,18,16,2,7,0,2,3,0,10,6,0,3,2,8,0,0,
Mayapada,Rumah Sakit Umum,Jl. Lebak Bulus I RT.006 / RW.004,Cilandak Barat,Cilandak,Jakarta Selatan,12440,29217777,,,hospital@mayapadahospital.com,"dr. Senta Lucia Kumurur, MM",4,25,1,38,13,14,13,6,6,6,3,8,15,7,13,4,2,10,0,0,
Prikasih,Rumah Sakit Umum,Jl. RS. Fatmawati No. 74 RT.005 / RW.01,Pondok Labu,Cilandak,Jakarta Selatan,12450,"7501192, 7504669",7505148,www.rsprikasih.com,prikasih@cbn.net.id,"Dr Suharno,MARS",0,3,0,28,36,49,8,2,0,0,4,0,10,4,0,,,0,0,0,
Siaga Raya,Rumah Sakit Umum,Jl. Siaga Raya Kavling 4 - 8,Pejaten Barat,Pasar Minggu,Jakarta Selatan,12510,7972750-7972790,7970494,,"rs_sigaraya@pdpersi.co, oedien072@gmail.com","dr. Isa An Nagib, Sp.OT, FICS",1,13,0,8,17,17,0,0,0,0,0,0,0,2,0,,,0,,6,
Pasar Minggu,Rumah Sakit Umum Daerah,Jl. T.B Simatupang No. 1 RT.001 / RW.005,Ragunan,Pasar Minggu,Jakarta Selatan,12550,7808034,"29407035, 29407036",www.rsudpasarminggu@yahoo.com,rsud.pasarminggu@yahoo.com,"dr. T. Caroline Kawinda., MARS",13,6,0,34,52,265,11,14,7,12,18,7,30,0,0,6,13,15,56,0,0
Rumkital Marinir Cilandak,Rumah Sakit Umum,Jl. Raya Cilandak KKO,Cilandak Timur,Pasar Minggu,Jakarta Selatan,12560,"7805296, 7805415",7812764,,"enytiar@yahoo.com, layanan@rsmarinir.com","dr. Andi Abdullah., Sp.OT",0,14,0,28,10,80,0,0,0,0,0,0,0,0,0,,,0,,4,
Aulia,Rumah Sakit Umum,Jl. Jeruk Raya No. 15 RT. 0011 / RW. 01,Jagakarsa,Jagakarsa,Jakarta Selatan,12620,"7270208, 7867847, 08161133646","7867847, 7866057",www.rsiaaulia.com,rsia_aulia@yahoo.co.id,"Dr. Gatot Soeryo Koesumo, PFK, MM",1,3,0,12,8,9,7,0,0,0,0,0,0,0,0,,,0,,0,
Ali Sibroh Malisi,Rumah Sakit Umum,Jl. Warung Silah No. 1 RT.008/RW.05,Cipedak,Jagakarsa,Jakarta Selatan,12630,"7868172, 7270681",78885063,,md_azri@yahoo.com,dr. Muhammad Bima Arrynugraha,1,3,0,16,11,24,1,0,0,0,2,0,4,0,0,0,0,0,,0,0
Zahirah,Rumah Sakit Umum,Jl. Sirsak No. 21,Jagakarsa,Jagakarsa,Jakarta Selatan,12690,"7872210, 78888723",7270013,www.rszahirah.com,"marketing@rszahirah.com, ajrinawinasari05@gmail.com","dr. Yulkanti Ruadewi, MARS",1,5,5,17,31,51,15,2,0,0,0,0,0,1,0,3,4,20,0,0,0
Jakarta Medical Center,Rumah Sakit Umum,Jl. Warung Buncit Raya No. 15,Kalibata,Pancoran,Jakarta Selatan,12740,"7985177, 7980888",7940838,,rs_jmc@cbn.net.id,"drg. Ahmad Husni Basuni., MARS",4,3,17,14,20,13,0,0,0,1,7,0,6,1,0,,,0,,0,
Siloam Asri,Rumah Sakit Umum,Jl. Duren Tiga Raya No. 20 RT.004 / RW.01,Duren Tiga,Pancoran,Jakarta Selatan,12760,7992211,7996505,, info@urologi-asri.com,"Prof.DR.Dr.Hadiarto Mangunnegoro,Sp.P (K)",0,13,0,4,6,8,2,2,0,0,1,0,0,0,0,4,4,0,0,0,0
Tria Dipa,Rumah Sakit Umum,Jl. Raya Pasar Minggu No. 3 A,Pancoran,Tebet,Jakarta Selatan,12780,7974071 - 73,7974074,,customer@rs-triadipa.com,"Dr.Dewo Aksoro Affandi, Sp.THT-KL",0,8,0,10,12,30,6,2,0,0,0,0,2,1,0,2,2,0,,0,
Tebet,Rumah Sakit Umum,Jl. MT. Haryono No. 8,Pancoran,Tebet,Jakarta Selatan,12810,8307540,8311760,,marketing@rstebet.com,dr. Esther Poerwantoro Sp.PK,3,5,10,12,12,26,4,5,0,0,0,0,11,2,0,2,2,3,0,0,
Jakarta,Rumah Sakit Umum,Jl. Jend. Sudirman Kav. 49,Karet Semanggi,Setiabudi,Jakarta Selatan,12930,5732241,"5710240, 5710249",,customer.relation@rsjakarta.co,"Dr. Heru Pramanto, MARS.",11,9,0,30,37,31,6,3,1,1,5,0,0,0,0,,,4,,0,
Metropolitan Medical Center,Rumah Sakit Umum,Jl. HR. Rasuna Said Kav. C-21 Kuningan,Karet Kuningan,Setiabudi,Jakarta Selatan,12940,5203435,5203417,www.rsmmc.co.id,mmc@rsmmc.co.id,"Dr. Adib A. Yahya, MARS",10,42,0,24,17,24,15,5,0,0,0,0,7,7,3,,,5,5,0,7
Medistra,Rumah Sakit Umum,Jl. Jenderal Gatot Subroto Kav. 59,Kuningan Timur,Setiabudi,Jakarta Selatan,12950,5210200,5210184,,"customercare@medistra.com, medistra@cbn.net.id",dr. Hedy Hadiyani,14,64,9,20,19,23,0,7,0,3,0,14,5,4,0,,,10,,8,
Agung,Rumah Sakit Umum,Jl. Sultan Agung No. 67,Pasar Manggis,Setiabudi,Jakarta Selatan,12970,"18295971, 18294955",8305791,,"rsagung@pdpersi.co.id, ulul.uhfi24@gmail.com, jakarta@gmail.com","drg. John Hendri, MM, MARS",2,3,5,16,18,14,4,2,0,0,0,0,3,3,0,2,2,0,5,0,0
Brawijaya,Rumah Sakit Khusus Ibu dan Anak,Jl. Taman Brawijaya No. 1,Cipete Utara,Kebayoran Baru,Jakarta Selatan,12140,7211337,7211364,,"dwita.rakhmasari@brawijayahospital.com, costomer.service@brawijayahospital.com, evasimbolon555@gmail.com","Prof.Dr.Nugroho Kampono, Sp.OG.(K)",9,26,0,4,6,5,15,2,0,0,0,0,0,0,0,,,0,,0,
Asih,Rumah Sakit Khusus Ibu dan Anak,Jl. Panglima Polim I No. 34,Melawai ,Kebayoran Baru,Jakarta Selatan,12160,2700610,7254054,www.rsbasih.co.id,agatha_yanti@rsiaasih.co.id; rsia.asih@gmail.com,"dr. Naomi Dailami, MPH",6,4,3,6,3,4,8,0,0,0,4,0,3,2,4,1,2,0,4,0,0
Dharmawangsa ,Rumah Sakit Khusus Jiwa,Jl. Dharmawangsa Raya No. 13 Blok P II,Pulo,Kebayoran Baru,Jakarta Selatan,12160,7394484,7394162,www.dharmawangsa.org,sanatorium@dharmawangsa.org,"dr. Richard Budiman., Sp.KJ(K)",0,6,10,4,8,22,0,0,0,0,0,0,1,0,0,,,0,,0,
Ciranjang,Rumah Sakit Khusus Telinga Hidung Tenggorokan,Jl. Ciranjang No. 20-22,Rawa Barat,Kebayoran Baru,Jakarta Selatan,12180,"7243366, 7208192","7264038, 7398837",rsciranjang.com,tht_ciranjang@yahoo.com,"Prof.Dr.Efiaty Soepardi, Sp.THT-KL ",2,4,0,4,4,10,0,0,0,0,0,0,0,0,0,,,0,,0,
Panti Nugraha,Rumah Sakit Khusus Ibu dan Anak,Jl. Senayan No. 26,Rawa Barat,Kebayoran Baru,Jakarta Selatan,12180,"7221171, 7223939","7221171, 7223939",,rumahsakit.pantinugroho@gmail.com,Dr.Linda Lukitari,0,3,0,12,18,30,0,0,0,0,0,0,0,0,0,,,0,,12,
Avisena,Rumah Sakit Khusus Ibu dan Anak,Jl. H. Rohimin No. 30,Ulujami,Pesanggrahan,Jakarta Selatan,12250,5853916,5871802,,,"Dr.Achdyat Premedi J, MARS",1,2,0,4,4,12,14,0,0,0,1,0,3,2,0,0,4,0,0,0,0
FKG Universitas Prof. DR. Moestopo (B),Rumah Sakit Khusus Gigi & Mulut,Jl. Bintaro Permai Raya No. 3,Bintaro,Pesanggrahan,Jakarta Selatan,12330,"73885251, 73885254","73885251, 73885253",,"fkg@moestopo.ac.id, admin@moestopo.ac.id","drg. Susi R. Puspitadewi, Sp.Pros",0,0,0,0,0,3,0,0,0,0,0,0,0,0,0,,,0,,0,
Kemang,Rumah Sakit Khusus Ibu dan Anak,Jl. Ampera Raya No. 34,Ragunan,Pasar Minggu,Jakarta Selatan,12550,"27545454, 27545400",78843548,www.kemangmedicalcare.com,hri.isw@gmail.com,"dr. Gatot Soeryo Koesoemo, PFK, MM",5,10,7,4,8,8,4,1,0,5,0,0,4,0,0,3,2,0,,0,4
Andhika,Rumah Sakit Khusus Ibu dan Anak,Jl. Warung Sila No.8 RT.006 / RW.04 Gudang Baru,Ciganjur,Jagakarsa,Jakarta Selatan,12630,"7863408, 78887087",7874612,www.rsia-andhika.blogspot.com,rsia_andhika@yahoo.com,"dr. Nurhaidah Achmad, Mhkes, MARS, AAAK",0,5,1,10,12,45,0,3,0,0,0,0,5,3,0,2,5,8,0,0,0
Sofa Marwa,Rumah Sakit Khusus Ibu dan Anak,"Jl. Bina Warga (MAN 7) RT.009/RW.07, Kalibata",Srengseng Sawah,Jagakarsa,Jakarta Selatan,12640,7870160,7864329,,,"dr. Liling Budiman., M.M",0,3,0,3,5,13,0,0,0,0,0,0,0,0,0,,,0,,0,
Duren Tiga,Rumah Sakit Khusus Ibu dan Anak,Jl. Duren Tiga Raya No. 5,Pancoran,Pancoran,Jakarta Selatan,12760,"7993817, 7941843",7901050,-,"info@rsbdt.com, rsb_durentiga@yahoo.co.id",Dr.Fachruddin Sp.OG,0,9,0,2,6,8,31,0,0,0,1,0,4,0,0,2,2,0,4,0,3
AINI Prof. DR. Isak Salim,Rumah Sakit Khusus Mata,"Jl. H.R. Rasuna Said, Kuningan",Karet Setiabudi,Setiabudi,Jakarta Selatan,12920,5256228,5224288,www.rsmataaini.co.id,info@rsmataaini.co.id,"dr. Fatiah Elli, Sp.M",0,4,0,6,4,12,0,0,,0,0,0,0,2,0,,,0,,0,
MRCCC Siloam Semanggi,Rumah Sakit Khusus Kanker,Jl. Garnisun Kav. 2 - 3,Karet Semanggi,Setiabudi,Jakarta Selatan,12930,"57991779, 29962888","57992155, 29962778",www.siloamhospitals.com,melissa.luwia@siloamhospitals.com,"Dr. Melissa Luwia, MHA",5,35,0,14,28,15,4,6,0,0,3,0,9,6,0,,,0,,0,
Budhi Jaya,Rumah Sakit Khusus Ibu dan Anak,Jl. Dr. Saharjo No. 120,Menteng Atas,Setiabudi,Jakarta Selatan,12960,"8311722, 8312378",8301901,,rsia@budhijaya.co.id,"dr. Ristinawati Basri., MARS",0,11,0,6,9,11,0,0,0,0,0,0,0,0,0,,,0,,0,
Halimun,Rumah Sakit Khusus Bedah,Jl. Halimun No. 9,Guntur,Setiabudi,Jakarta Selatan,12980,8311361,83700880,www.halimun-medical.com,info@halimun-medical.com,"DR. H. Briliantono Munardi Soenarwo, Sp.OT",0,0,0,0,0,0,0,0,0,0,0,0,0,0,0,,,0,,0,
Columbia Asia Pulomas,Rumah Sakit Umum,Jl. Kayu Putih Raya No. 1 RT.003 / RW.016,Kayu Putih,Pulogadung,Jakarta Timur,13210,47883199,29559477,www.rsadmira.com,customercare.pulomas@colombiaasia.com,"dr. Helario Martinus Hasibuan, Sp.M",0,8,0,24,22,12,10,2,2,2,2,0,0,0,0,3,3,0,,0,
Omni Medical Center,Rumah Sakit Umum,Jl. Pulomas Barat VI No.20,Kayu Putih,Pulogadung,Jakarta Timur,13210,"4723332, 4722719",4718081,www.omni-hospitals.com,normariati70@yahoo.com,dr. Roswin Rosnim Djaafar,2,40,7,26,21,22,2,4,0,0,2,0,6,2,0,,,5,,0,10
Kartika Pulomas ,Rumah Sakit Umum,Jl. Pulomas Timur K. No. 2,Kayu Putih,Pulogadung,Jakarta Timur,13210,"4723402, 4703333",4723402,,rs_kartika@yahoo.com,"dr. Feronika Hardanti, MARS",1,2,0,18,19,46,0,2,0,0,0,0,4,2,0,3,2,11,3,0,
Aneka Tambang Medika (Antam Medika),Rumah Sakit Umum,Jl. Pemuda Raya No. 1A RT.002 / RW.07,Jatinegara Kaum,Pulogadung,Jakarta Timur,13210,"29378939, 29378943",29378960,www.antammedika.co.id,rumahsakit@antammedika.co.id,"dr. Syafaruddin Balha., M.M ",4,8,0,12,45,24,0,7,0,4,0,0,10,6,0,,,0,,0,
Persahabatan ,Rumah Sakit Umum Pusat,Jl. Persahabatan Raya No.1,Pisangan Timur,Pulogadung,Jakarta Timur,13220,"4891708, 4890696","4711222, 478608873",www.rsuppersahabatan.co.id,info@rsuppersahabatan.co.id,"dr. Mohammad Ali Toha, MARS",4,46,0,84,69,287,0,12,4,4,2,6,0,2,4,0,0,0,,0,61
Dharma Nugraha,Rumah Sakit Umum,Jl. Balai Pustaka Baru No. 19,Rawamangun,Pulogadung,Jakarta Timur,13220,"4707433, 4707437",4707428,,dharmanugraha@yahoo.com,"Dr. H. Bagus Mulyadi, Sp.M",3,12,2,18,31,18,0,5,0,0,0,0,0,0,0,0,0,0,6,0,0
Mediros,Rumah Sakit Umum,Jl. Perintis Kemerdekaan Kav. 149,Pulogadung,Pulogadung,Jakarta Timur,13260,4721336 - 37,"4891937, 4891937",www.rs-mediros.com,"lumentagrace@yahoo.com, rsmediros@cbn.net.id",Dr.Ibrahim Darmasaputra,0,11,0,16,25,31,3,0,0,0,3,0,5,1,1,1,1,7,10,0,
Premier Jatinegara,Rumah Sakit Umum,Jl. Raya Jatinegara Timur No. 85 - 87,Rawa Bunga,Jatinegara,Jakarta Timur,13310,"2800666, 2800777, 2800888",2800755,www.ramsayhealth.co.id,rspremier.jatinegara@ramsayhealth.co.id,"Dr. Sri Wuryati Handayani, MHA",2,44,0,32,63,61,10,6,0,4,0,5,8,2,0,,,0,,0,
Hermina Jatinegara,Rumah Sakit Umum,Jl. Jatinegara Barat No. 126,Kampung Melayu,Jatinegara,Jakarta Timur,13310,"8191223, 8504371","8560601, 8190111, 8196157",www.rsiahermina.co.id,jatinegara@herminahospitalgroup.com,"Dr. W.F.P. Kaunang, MARS",15,10,0,21,27,21,24,1,2,7,0,0,9,2,0,3,7,0,0,0,0
Pengayoman Cipinang,Rumah Sakit Umum,Jl. Raya Bekasi Timur No. 170 B,Cipinang Besar Utara,Jatinegara,Jakarta Timur,13410,"085210432196, 85914558",85909644,,rspengayoman.dki@gmail.com,Dr. Danial Rasyid,0,0,0,10,90,88,0,15,0,0,0,0,3,0,0,2,1,0,1,0,0
Yadika Pondok Bambu,Rumah Sakit Umum,Jl. Pahlawan Revolusi No. 47,Pondok Bambu,Duren Sawit,Jakarta Timur,13430,"8615754, 8610756",8631708,,rsyadika@yahoo.co.id,"Dr. Hendrik Suto, MKes. Sp.Rad",0,4,0,24,15,18,0,0,0,0,0,0,5,0,0,,,0,,26,
dr. Euis ,Rumah Sakit Umum,Jl. H. Naman No. 3,Pondok Kelapa,Duren Sawit,Jakarta Timur,13450,"86905347, 86905383",8656488,,,"dr. Euis Magdalena, Sp.OG, MARS",1,4,,6,9,24,0,2,0,2,0,0,0,0,0,0,0,0,15,0,0
Islam Jakarta Pondok Kopi,Rumah Sakit Umum,Jl. Raya Pondok Kopi,Pondok Kopi,Duren Sawit,Jakarta Timur,13460,"8610471 , 8630654",8611101,www.rsijpondokkopi.co.id,"aliyus_k@yahoo.com, ariefb12@gmail.com","dr. Prasna Darwin, Sp.KJ",12,8,12,41,48,46,0,0,0,0,0,0,0,0,0,0,0,0,0,29,0
Dik Pusdikkes Kodiklat TNI AD,Rumah Sakit Umum,Jl. Raya Bogor,Kramat Jati,Kramat Jati,Jakarta Timur,13510,"8092358, 8003491","8092706, 80887304",www.pusdikkes.com,rs.dik.pusdikkes@gmail.com,"dr. Adhy S., Sp.An",0,4,0,11,16,24,0,0,0,0,0,0,7,2,0,3,3,7,17,3,7
Bhayangkara Tk.I  R. Said Sukanto,Rumah Sakit Umum,Jl. RS Polri,Kramat Jati,Kramat Jati,Jakarta Timur,13510,8093288,8094005,,rs_polri@pdpersi.co.id,"dr. Didi Agus Mintardi., Sp.JP",7,9,0,36,113,200,0,12,0,9,0,0,7,19,0,,,5,,12,
Al-Fauzan,Rumah Sakit Umum,Jl. Pedati No. 3 RT.005 / RW.07,Kp. Tengah,Kramat Jati,Jakarta Timur,13540,8402821,87710318,www.jih.co.id,jakartaislamichospital@yahoo.com,"Dr. Prita Kusumaningsih, Sp.OG",0,1,0,2,6,6,0,0,0,0,1,0,3,1,1,1,3,0,1,0,3
Haji Jakarta,Rumah Sakit Umum,Jl. Raya Pondok Gede No. 4,Pinang Ranti,Makasar,Jakarta Timur,13560,8000693 - 695,"80876209, 8000702",www.rshaji-jakarta.com,"keliek_marwanto@yahoo.co.id, rshaji@pdpersi.co.id, info@rshaji-jakarta.com","dr. Wuwuh Utami Ningtyas, M.Kes",4,14,11,40,73,61,12,7,2,2,3,0,9,9,0,4,8,11,61,33,
Moh Ridwan Meuraksa,Rumah Sakit Umum Tk. II,Jl. Taman Mini I RT.004 / RW.02,Pinang Ranti,Makasar,Jakarta Timur,13560,"3150535, 323094, 22819465",3916888,,"tanjung_widia@yahoo.com, rsmrm74@yahoo.com","Kolonel CKM dr. Hardono Soeganhi Prihadi Sayekti, Sp.S",0,9,0,10,24,88,0,4,0,0,0,0,0,0,0,,,0,,0,
Pusat Angkatan Udara Dr. Esnawan Antariksa,Rumah Sakit Umum,"Jl. Merpati No. 2, Komplek Rajawali",Halim Perdanakusuma,Makasar,Jakarta Timur,13610,"8091716, 8093943",8098665,,"ruspau@pdpersi.co.id, rsauantariksa@yahoo.co.id","Kolonel Kes dr. Bobby Drastiawan, Sp.P",2,10,0,23,39,56,0,5,0,0,0,0,8,6,0,,,48,,190,
Harum Sisma Medika,Rumah Sakit Umum,Jl. Inspeksi Tarum Barat - Kalimalang,Cipinang Melayu,Makasar,Jakarta Timur,13620,8617212 - 13,8601030,,"erwintyrana@sismamedika.com, rsharum@pdpersi.co.id","dr. Ruli Aman., MARS",0,0,0,20,35,28,0,4,0,0,4,0,0,0,0,,,0,,0,
Budhi Asih ,Rumah Sakit Umum Daerah,Jl. Dewi Sartika Cawang III No. 200,Cawang,Kramat Jati,Jakarta Timur,13630,"8090282, 8092482","8009157, 8007348",www.rsudbudhiasih.com,budhiasih@ymail.com,"Dr. IBN Banjar, MKM",0,8,0,14,45,260,14,4,0,0,0,0,18,0,0,,,3,,0,
Universitas Kristen Indonesia,Rumah Sakit Umum,Jl. Mayjen Sutoyo No. 2,Cawang,Kramat Jati,Jakarta Timur,13630,"8092317, 8092831, 8010523",8092445,,rsuuki@yahoo.co.id,"Dr.Rosma Napitupulu, MARS",1,8,0,19,29,106,0,8,2,0,0,0,0,2,0,,,17,,0,
Olahraga Nasional,Rumah Sakit Umum,Jl. Jambore No. 1,Cibubur,Ciracas,Jakarta Timur,13720,87753977,87753977,,rsolahragacibubur@gmail.com,"Dr. dr. H. Basuki Supartono, SPOT, FICS, MARS",1,2,0,9,12,20,1,0,0,0,4,0,6,1,0,2,3,0,1,0,0
Tingkat IV Cijantung Kesdam Jaya,Rumah Sakit Umum,"Jl. Mahoni, Cijantung II",Gedong,Pasar Rebo,Jakarta Timur,13760,8400535,8407886,,kesdamjaya_cijantung@yahoo.com,"dr. Moh. Andi Fatkhurokhman., Sp.THT",0,9,0,24,25,29,1,0,0,0,3,0,5,4,0,0,0,0,0,0,0
Pasar Rebo,Rumah Sakit Umum Daerah,Jl. Letjen T.B. Simatupang No. 30,Gedong,Pasar Rebo,Jakarta Timur,13760,"8401127, 8400109",8411159,www.rsudpasarrebo.com,rsudpasarrebo@yahoo.com,"Dr.Tri Noviati, MARS",1,2,0,44,43,181,9,6,7,22,7,6,30,9,0,7,7,18,35,0,5
Adhyaksa,Rumah Sakit Umum,Jl. Hankam Raya No. 60,Ceger,Cipayung,Jakarta Timur,13820,29462345,,,adhyaksarsu@gmail.com,"dr. Dyah Eko Judihartanti, MARS",,0,,0,0,32,,,,,,,,,,,,0,,0,77
Harapan Bunda,Rumah Sakit Umum,Jl. Raya Bogor KM. 22 No. 44,Rambutan,Ciracas,Jakarta Timur,13830,8400257,87781247,,"hrd@rsharapanbunda.com, harapanbunda@pdpersi.co.id","dr. Finna E. Indriany, MM",6,12,34,28,46,39,10,6,3,2,3,0,0,11,0,,,0,,0,
Harapan Jayakarta ,Rumah Sakit Umum,Jl. Bekasi Timur Raya No. 6 KM.18,Pulogadung,Cakung,Jakarta Timur,13930,"4608886, 4603916, 46821726",4608863,,harapan.jayakarta@gmail.com,dr. Suhermi Yenti,1,1,0,6,13,39,2,1,0,0,1,0,5,2,0,2,1,10,0,0,0
Jantung Jakarta,Rumah Sakit Khusus Jantung,Jl. Matraman Raya No.23,Palmeriam,Matraman,Jakarta Timur,13140,29360698,29360697,www.rsjantungjakarta.com,rsjantungjakarta@gmail.com,"Dr. Mudjiah Dinarto, Sp.GK",3,7,0,6,6,8,0,4,0,0,0,0,0,0,0,,,0,,0,0
Rawamangun,Rumah Sakit Khusus Bedah,Jl. Balai Pustaka Raya No. 29-31,Rawamangun,Pulogadung,Jakarta Timur,13220,4893531,4710918,,hrd.rsrawamangun@gmail.com,"Dr.Elviera Darmayanti, MM",0,2,0,9,3,21,0,0,0,0,2,0,3,2,0,,,6,,0,
SMEC,Rumah Sakit Khusus Mata,Jl. Pemuda No.36 RT.005 / RW.03,Rawamangun,Pulogadung,Jakarta Timur,13220,4714848,4755703,,jakarta@rsmatasmec.com,"dr. Ikhsan Revino, Sp.M(K)",0,0,0,1,2,3,0,0,0,0,0,0,1,0,0,1,0,0,0,0,0
Alvernia Agusta,Rumah Sakit Khusus Ibu dan Anak,Jl. Pemuda No. 80 RT.001 / RW.08,Jati,Pulogadung,Jakarta Timur,13220,"4705266, 4720893",4705266,,"admin@rsbalverniaagusta.com, contact.us@alverniaagusta.co.id","dr. Winarno., Sp.OG",0,0,0,7,2,10,0,0,0,0,1,0,2,0,0,,,0,,0,
Bunda Aliyah,Rumah Sakit Khusus Ibu dan Anak,Jl. Pahlawan Revolusi No. 100,Pondok Bambu,Duren Sawit,Jakarta Timur,13430,86602525,"86600712, 86600940",www.bundaaliyah.com,"yanuarjak@yahoo.co.id, marketing.rsiabundaaliyah@gmail.com","Dr.Yanuar Jak, SpOG. MARS",3,9,0,12,20,22,10,2,5,5,0,0,5,0,2,2,9,0,25,3,0
SamMarie Basra,Rumah Sakit Khusus Ibu dan Anak,Jl. Basuki Rachmat No. 31,Pondok Bambu,Duren Sawit,Jakarta Timur,13430,"86613145, 86613146",86613147,www.sammariebasra.com,contact.sambasra@gmail.com,"Dr. dr. Hardi Yusa, Sp.OG. MARS",1,2,0,2,4,6,8,0,2,2,2,0,3,0,0,,,0,,0,2
Duren Sawit,Rumah Sakit Khusus Jiwa,Jl. Duren Sawit Baru No. 2,Duren Sawit,Duren Sawit,Jakarta Timur,13440,"8628686, 8617601",8628659,www.rsdurensawit.go.id,rskddurensawit@gmail.com,"dr. Julaga H.C. Lumban Tobing, MARS",0,0,0,8,10,132,0,0,0,0,6,0,8,0,0,0,0,0,0,30,0
Sayyidah,Rumah Sakit Khusus Ibu dan Anak,Jl. Taman Malaka Selatan No. 6,Pondok Kelapa,Duren Sawit,Jakarta Timur,13450,"86902950, 8655179",8649886,www.rsiasayyidah.moonfruit.com,sayyidah_rsia@yahoo.com,"dr. Woro Murdiastuti, MM",0,1,0,2,3,14,5,0,0,0,1,0,5,1,1,1,2,0,5,0,0
Islam Klender Jakarta,Rumah Sakit Khusus Jiwa,Jl. Bunga Rampai X - Perumnas Klender,Malaka Jaya,Duren Sawit,Jakarta Timur,13460,"86602402, 8622491",86610234,www.rsjiwaislam.com,rsjiwaislam@yahoo.co.id,"Dr. Metta Desvini, PS. Sp.KJ",0,2,0,8,8,32,0,0,0,0,0,0,2,3,0,,,0,,0,
Asta Nugraha,Rumah Sakit Khusus Bersalin,JL. Duren Sawit Raya Blok K.3 No.1,Klender,Duren Sawit,Jakarta Timur,13470,8615937,,,,"Dr.Tukimin Ismail, SpOG",0,0,0,2,2,2,0,0,0,0,4,0,4,1,0,,,0,,0,
Restu Kasih,Rumah Sakit Khusus Ibu dan Anak,Jl. Raya Bogor Km. 19 No. 3.a,Kramat Jati,Kramat Jati,Jakarta Timur,13510,8001177,80882753,,rsia_restu@yahoo.com,"dr. Carla Permanasari., M.M.",0,3,0,5,12,7,0,0,0,0,0,0,3,0,0,,,0,,0,
El Shama,Rumah Sakit Khusus Bersalin,Jl. Raya Bogor Km.20 No.1,Kp. Tengah,Kramat Jati,Jakarta Timur,13510,"33777772, 99777772, 99777773",,,rsb_elshama@yahoo.com,"Dr. drg. Tjen Dravinne Winata., Sp.KG., MARS., RO., FIACLE",0,0,0,0,0,27,6,0,0,0,2,0,3,0,0,,,0,,0,4
TNI - AU,Rumah Sakit Khusus Gigi & Mulut,"Jl. Puntodewo No.1, Dirgantara II RT.001/RW.02",Halim,Makasar,Jakarta Timur,13610,"80879255, 80879256",,,lakesgilut@yahoo.co.id,"Drg. F.D. Emawati, Sp.KG",0,11,0,3,4,5,0,0,0,0,0,0,0,0,0,,,0,,5,
Pusat Otak Nasional,Rumah Sakit Khusus Otak,Jl. M.T. Haryono Kavling 11,Cawang,Kramat Jati,Jakarta Timur,13630,"86610709, 86610709","86610709, 86610709",,rspotakn@gmail.com,"dr. Mursyid Bustami, Sp.S (K) KIC",5,8,17,40,12,34,0,10,0,0,8,0,11,4,0,2,0,0,0,0,0
Ketergantungan Obat,Rumah Sakit Khusus Ketergantungan Obat,Jl. LapanganTembak No. 75,Cibubur,Ciracas,Jakarta Timur,13720,"87711968, 87711969",87711970,www.rsko-jakarta.com,rskojakarta@gmail.com,"dr. Erie Dharma Irawan., Sp.KJ., MARS",4,0,0,8,12,72,0,0,0,0,4,0,0,0,0,,,0,,0,
Bina Waluya,Rumah Sakit Khusus Jantung,Jl. TB Simatupang No. 71,Gedong,Pasar Rebo,Jakarta Timur,13750,"87781605, 87781606","8403869, 8404652",www.binawaluya.com,jimmyagung_27@ymail.com,"dr. Dewi Yuliawati., MARS",3,7,2,7,8,10,0,0,0,0,0,4,3,0,0,,,0,0,0,0
Resti Mulya,Rumah Sakit Khusus Ibu dan Anak,Jl. Pahlawan Komarudin Raya No. 5,Penggilingan,Cakung,Jakarta Timur,13940,4802192,48701488,,rsia_resti_mulya@ymail.com,"dr. Edeng Rachmat., M.M.",2,5,0,6,5,9,8,0,0,0,0,0,3,1,0,1,4,0,3,0,0
Kepulauan Seribu,Rumah Sakit Umum Daerah,Pulau Pramuka,Pulau Panggang,Kepulauan Seribu Utara,Kepulauan Seribu,14510,"33230332, 33312388, 36571981","33312388, 37175900",,rsukepulauanseribu@yahoo.co.id,drg. Ma’mun Zaini,0,0,0,0,0,10,0,0,0,0,0,0,1,0,1,,,0,,0,2
Cempaka Putih,Rumah Sakit Umum Daerah,Jl. Rawasari Selatan No. 1,Cempaka Putih Timur,Cempaka Putih,Jakarta Pusat,10510,"4219548, 42801341",4224243,,rsucempakaputih@gmail.com,"dr. Dewi R. Anggraini, M.Kes.",0,0,0,0,0,29,3,0,0,0,0,0,5,1,0,1,2,0,0,0,0
Sawah Besar,Rumah Sakit Umum Daerah,Jl. Dwiwarna Raya No. 6-8,Karang Anyar,Sawah Besar,Jakarta Pusat,10740,"6289080, 4224041",4224041,,"eduardthomasp@gmail.com, rsusawahbesar@gmail.com",drg. Suzy Freud,0,0,0,0,0,27,4,0,0,0,2,0,5,0,0,1,2,0,0,0,0
Johar Baru,Rumah Sakit Umum Daerah,Jl. Tanah Tinggi XII,Tanah Tinggi,Johar Baru,Jakarta Pusat,10540,4246359,4224041,,rsujoharbaru@gmail.com,"dr. Dwi Oktavia T.L. Handayani, M.Epid",0,0,0,0,0,30,3,0,0,0,2,0,3,3,0,1,3,0,0,0,0
Kemayoran,Rumah Sakit Umum Daerah,Jl. Serdang Baru I,Serdang,Kemayoran,Jakarta Pusat,10650,4801847,4801846,,rsukemayoran@gmail.com,"dr. Ani Sri Wahyuningsih, MKK, MARS",0,0,0,0,0,48,3,0,0,0,2,0,5,0,0,1,7,0,21,0,0
Tugu Koja,Rumah Sakit Umum Daerah,Jl. Walang Permai No. 39,Tugu Utara,Koja,Jakarta Utara,14260,"43905651, 4358809",4367168,,abdurachman418@gmail.com,"dr. Nailah, M.Si",0,0,0,0,0,26,0,0,0,0,0,0,0,0,0,0,0,0,0,0,0
Cilincing,Rumah Sakit Umum Daerah,Jl. Madya Kebantenan No. 4,Semper Timur,Cilincing,Jakarta Utara,14130,"4412889, 4416367","4412889, 4416367",,rsukcilincing@gmail.com,"dr. Netty Siahaan, MKM",0,0,0,0,0,14,3,0,0,0,1,0,6,0,0,1,5,0,8,0,0
Pademangan,Rumah Sakit Umum Daerah,Jl. Budi Mulia Raya No. 2 RT.0015 / RW.011,Pademangan Barat,Pademangan,Jakarta Utara,14420,6452346,,,rsupademangan@gmail.com,dr. Siti Rachmi,0,0,0,0,0,20,2,0,0,0,2,0,5,2,0,1,7,0,13,0,0
Kembangan,Rumah Sakit Umum Daerah,Jl. Topaz Blok F2 No. 3,Meruya Ilir,Kembangan,Jakarta Barat,11620,5870834,5870834,www.rsudkembangan.com,"pkm_kembangan@yahoo.com, rsudkembangan@gmail.com","dr. Irma Riani, MAP",0,0,0,0,0,10,0,0,0,0,1,0,0,0,0,1,10,0,8,0,2
Kalideres,Rumah Sakit Umum Daerah,Jl. Satu Maret No. 48 RT.001 / RW.04,Pegadungan,Kalideres,Jakarta Barat,11830,"5439057, 22552766","54390576, 54390576",,rsukalideres@gmail.com,"dr. Fify Mulyani, MARS",0,0,0,0,0,16,2,0,0,0,4,0,8,0,0,2,2,0,0,0,0
Jagakarsa,Rumah Sakit Umum Daerah,Jl. Mohamad Kahfi 1 No. 27 A,Jagakarsa,Jagakarsa,Jakarta Selatan,12620,"7864707, 78882455",22708072,rsudjagakarsa.jakarta.go.id,rsukecjagakarsa@gmail.com,"dr. Dewi Mustika, M.Kes",0,0,0,0,0,26,4,0,0,0,3,0,3,1,0,1,3,0,0,0,0
Tebet,Rumah Sakit Umum Daerah,"Jl. Prof. Supomo, SH No. 54",Tebet Barat,Tebet,Jakarta Selatan,12810,8314955,8296918,,"rsutebet@gmail.com, rsutebet@jakarta.go.id",drg. Yeni Restuti,0,0,0,0,0,9,3,0,0,0,2,0,5,1,0,1,3,0,13,0,0
Mampang Prapatan,Rumah Sakit Umum Daerah,Jl. Kapten P. Tendean No. 9,Mampang Prapatan,Mampang Prapatan,Jakarta Selatan,12790,79192187,,,rsudmampangprapatan@gmail.com,"dr. Dewi Sri Rachmawati S, Sp.A",0,0,0,0,0,29,2,0,0,0,2,0,3,0,0,1,2,0,0,0,6
Pesanggrahan,Rumah Sakit Umum Daerah,Jl. Cenek I No. 1,Pesanggrahan,Pesanggrahan,Jakarta Selatan,12320,7356087,,,rsupesanggrahan@gmail.com,drg. Endah Kartika Dewi,0,0,0,0,0,39,0,0,0,0,2,0,0,0,0,0,0,0,0,0,0
Kramat Jati,Rumah Sakit Umum Daerah,Jl. Raya Inpres No. 48,Kampung Tengah,Kramat Jati,Jakarta Timur,13540,"87791152, 87793604",87793604,,rsukramatjati@gmail.com,"dr. Purbo Antarsih, M.Kes.",0,0,0,0,0,26,4,0,0,0,0,0,6,0,0,0,2,0,0,0,0
Ciracas,Rumah Sakit Umum Daerah,Jl. Raya Lapangan Tembak,Cibubur I,Ciracas,Jakarta Timur,13720,8718995,,,rsuciracas@gmail.com,dr. Sri Kustantini Hendrastuti,0,0,0,0,0,28,0,0,0,0,0,0,5,1,0,0,5,0,8,28,0
Tanah Abang,Rumah Sakit Umum Daerah,Jl. K.H. Mas Mansyur No 30,Kebon Kacang,Tanah Abang,Jakarta Pusat,10210,"3150427, 31902143",31902143,,rsutnabang@gmail.com,"drg. Alifianti Lestari, MSi",0,0,0,0,0,26,0,0,0,0,0,0,3,1,0,0,2,0,7,0,0
Tanjung Priok,Rumah Sakit Umum Daerah,Jl. Bugis No. 63,Kebon Bawang,Tanjung Priok,Jakarta Utara,14310,,,,mr_rsudtjpriok@yahoo.com,"drg. Toni Wibowo., M.Kes",0,0,0,0,0,40,0,0,0,0,0,0,0,0,0,0,0,0,0,0,0
Tamansari,Rumah Sakit Umum Daerah,Jl. Madu No. 10 RT.002 / RW.03,Mangga Besar,Tamansari,Jakarta Barat,11150,"629775, 6297752",,,rsuktamansari@gmail.com,dr. Budhi Prayudi,0,0,0,0,0,24,0,0,0,0,0,0,5,5,0,0,6,0,15,0,0
Matraman,Rumah Sakit Umum Daerah,Jl. Kebon Kelapa Raya No. 29,Matraman,Matraman,Jakarta Timur,13120,"8581957, 85909055",85909055,,rsukmatraman@gmail.com,"dr. Opy Dyah Paramita, Sp.A",0,0,0,0,0,16,3,0,0,0,3,0,4,2,0,2,5,0,0,0,0
Kebayoran Baru,Rumah Sakit Umum Daerah,Jl. H. Abdul Majid No. 1 RT.002/RW.05,Cipete Utara,Kebayoran Baru,Jakarta Selatan,12150,"08999554177, 22774429, 22774461","22774464, 22774429",,rsudkebayoranbaru@gmail.com,"dr. Friana Asmely, MARS",0,0,0,0,0,36,0,0,0,0,1,0,5,1,0,1,2,0,0,0,0
Jatipadang,Rumah Sakit Umum Daerah,Jl. Raya Ragunan No. 16-17,Jatipadang,Pasar Minggu,Jakarta Selatan,12540,,,,,"dr, Rismasari",0,0,0,0,0,52,5,0,0,0,1,0,5,0,0,0,0,0,0,0,0
